{
    "pos1": {
        "x": 0.8988984823226929,
        "y": 1.853224515914917,
        "z": 0.0
    },
    "pos2": {
        "x": -0.4498443901538849,
        "y": -0.057813625782728198,
        "z": 0.0
    }
}